Workbook

Sheet S&T_Overall
A1: Daily Progress Report-Barsuan Siding(S&T) | D1: Date:2026
A2: S.No | B2: Description | C2: Progress(%) | D2: Weightage | E2: Earned Progress
A3: 1 | B3: Indoor Work | C3: =Table134[[#Totals],[Earned Progress]] -> 0.3173241 | D3: 0.4 | E3: =C3*D3 -> 0.12692964
A4: 2 | B4: Outdoor Work | C4: =Table1[[#Totals],[Earned Progress]] -> 0.45754375 | D4: 0.3 | E4: =C4*D4 -> 0.13726312
A5: 3 | B5: Cables | C5: =Table13[[#Totals],[Earned Progress]] -> 0.27613049 | D5: 0.2 | E5: =C5*D5 -> 0.055226097
A6: 4 | B6: Telecommunication | C6: =Table135[[#Totals],[Earned Progress]] -> 0.13492593 | D6: 0.1 | E6: =C6*D6 -> 0.013492593
B7: Overall | D7: =SUM(D3:D6) -> 1 | E7: =SUM(E3:E6) -> 0.33291145

Sheet Indoor_Works
A1: ='S&T_Overall'!A1 -> Daily Progress Report-Barsuan Siding(S&T) | D1: ='S&T_Overall'!D1 -> Date:2026
A2: S.No | B2: Description of Item | C2: UOM | D2: Quantity | E2: Current Progress | F2: Balance Quantity | G2: % Progress | H2: Scope Progress | I2: Weightage factor | J2: Earned Progress
A3: 1 | B3: VDU-65 Inch | C3: Per VDU | D3: 2 | E3: 1 | F3: =D3-E3 -> 1 | G3: =E3/D3 -> 0.5 | H3: 1 | I3: 0.01 | J3: =G3*I3 -> 0.005
A4: 2 | B4: Industrial Grade PC | C4: Per PC | D4: 2 | E4: 1 | F4: =D4-E4 -> 1 | G4: =E4/D4 -> 0.5 | H4: 1 | I4: 0.01 | J4: =G4*I4 -> 0.005
A5: 3 | B5: UPS(3 KVA) | C5: Numbers | D5: 2 | E5: 0 | F5: =D5-E5 -> 2 | G5: =E5/D5 -> 0 | H5: 1 | I5: 0.01 | J5: =G5*I5 -> 0
A6: 4 | B6: Relay/Q series Relay Rack | C6: Numbers | D6: 25 | E6: 19 | F6: =D6-E6 -> 6 | G6: =E6/D6 -> 0.76 | H6: 1 | I6: 0.03 | J6: =G6*I6 -> 0.0228
A7: 5 | B7: MS(CTR)6mm Sheet | C7: Numbers | D7: 15 | E7: 12 | F7: =D7-E7 -> 3 | G7: =E7/D7 -> 0.8 | H7: 1 | I7: 0.03 | J7: =G7*I7 -> 0.024
A8: 6 | B8: RTU-128 Digital & 16 Analog pins | C8: Set | D8: 2 | E8: 0 | F8: =D8-E8 -> 2 | G8: =E8/D8 -> 0 | H8: 1 | I8: 0.12 | J8: =G8*I8 -> 0
A9: 7 | B9: Data logger | C9: Set | D9: 3 | E9: 2 | F9: =D9-E9 -> 1 | G9: =E9/D9 -> 0.66666667 | H9: 1 | I9: 0.12 | J9: =G9*I9 -> 0.08
A10: 8 | B10: QN1,QNA1,QL1,QSPA1, QTA2,QNA1k Relays | C10: Numbers | D10: 1408 | E10: 500 | F10: =D10-E10 -> 908 | G10: =E10/D10 -> 0.35511364 | H10: 1 | I10: 0.24 | J10: =G10*I10 -> 0.085227273
A11: 9 | B11: Contactor Uni (QBCA1 Type) | C11: Numbers | D11: 120 | E11: 35 | F11: =D11-E11 -> 85 | G11: =E11/D11 -> 0.29166667 | H11: 1 | I11: 0.04 | J11: =G11*I11 -> 0.011666667
A12: 10 | B12: SMPS based IPS(Scheme 5A-IPS) | C12: Set | D12: 3 | E12: 0 | F12: =D12-E12 -> 3 | G12: =E12/D12 -> 0 | H12: 1 | I12: 0.24 | J12: =G12*I12 -> 0
A13: 11 | B13: bare copper(25x2 mm) | C13: Metre | D13: 560 | E13: 300 | F13: =D13-E13 -> 260 | G13: =E13/D13 -> 0.53571429 | H13: 1 | I13: 0.05 | J13: =G13*I13 -> 0.026785714
A14: 12 | B14: Cable route tracer with GPS enable | C14: Numbers | D14: 1 | E14: 0 | F14: =D14-E14 -> 1 | G14: =E14/D14 -> 0 | H14: 1 | I14: 0.01 | J14: =G14*I14 -> 0
... A17: 15 | B17: 19"relay rack/Composite/QSeries Relay Rack | C17: Numbers | D17: 25 | E17: 2 | F17: =D17-E17 -> 23 | G17: =E17/D17 -> 0.08 | H17: 1 | I17: 0.03 | J17: =G17*I17 -> 0.0024
B18: Total | I18: =SUM(I3:I17) -> 1 | J18: =SUM(J3:J17) -> 0.3173241

Sheet Outdoor_Works
A1: ='S&T_Overall'!A1 -> Daily Progress Report-Barsuan Siding(S&T) | D1: ='S&T_Overall'!D1 -> Date:2026
A2: S.No | B2: Description of Item | C2: UOM | D2: Quantity | E2: Current Progress | F2: Balance Quantity | G2: % Progress | H2: Scope Progress | I2: Weightage factor | J2: Earned Progress
A3: 1 | B3: MSDAC-29 DP & 26 Track Section | C3: Per DP | D3: 200 | E3: 100 | F3: =D3-E3 -> 100 | G3: =E3/D3 -> 0.5 | H3: 1 | I3: 0.25 | J3: =G3*I3 -> 0.125
A4: 2 | B4: CLS (Two Aspect) | C4: Numbers | D4: 36 | E4: 34 | F4: =D4-E4 -> 2 | G4: =E4/D4 -> 0.94444444 | H4: 1 | I4: 0.02 | J4: =G4*I4 -> 0.018888889
A5: 3 | B5: CLS (Three Aspect) | C5: Numbers | D5: 2 | E5: 2 | F5: =D5-E5 -> 0 | G5: =E5/D5 -> 1 | H5: 1 | I5: 0.02 | J5: =G5*I5 -> 0.02
A6: 4 | B6: CLS (Four Aspect) | C6: Numbers | D6: 2 | E6: 1 | F6: =D6-E6 -> 1 | G6: =E6/D6 -> 0.5 | H6: 1 | I6: 0.02 | J6: =G6*I6 -> 0.01
A7: 5 | B7: Cast Iron Signal base 140 mm dia. | C7: Numbers | D7: 38 | E7: 23 | F7: =D7-E7 -> 15 | G7: =E7/D7 -> 0.60526316 | H7: 1 | I7: 0.01 | J7: =G7*I7 -> 0.0060526316
A8: 6 | B8: Tubular Post for CLS 5.5M | C8: Numbers | D8: 38 | E8: 23 | F8: =D8-E8 -> 15 | G8: =E8/D8 -> 0.60526316 | H8: 1 | I8: 0.01 | J8: =G8*I8 -> 0.0060526316
A9: 7 | B9: Ladder 5.5 M for CLS | C9: Numbers | D9: 38 | E9: 23 | F9: =D9-E9 -> 15 | G9: =E9/D9 -> 0.60526316 | H9: 1 | I9: 0.01 | J9: =G9*I9 -> 0.0060526316
A10: 8 | B10: Multi lamp route indicator(1-9) | C10: Numbers | D10: 2 | E10: 2 | F10: =D10-E10 -> 0 | G10: =E10/D10 -> 1 | H10: 1 | I10: 0.02 | J10: =G10*I10 -> 0.02
A11: 9 | B11: Shunt Signal Position Light | C11: Numbers | D11: 26 | E11: 12 | F11: =D11-E11 -> 14 | G11: =E11/D11 -> 0.46153846 | H11: 1 | I11: 0.02 | J11: =G11*I11 -> 0.0092307692
A12: 10 | B12: Shunt Signal dependent type | C12: Numbers | D12: 30 | E12: 12 | F12: =D12-E12 -> 18 | G12: =E12/D12 -> 0.4 | H12: 1 | I12: 0.02 | J12: =G12*I12 -> 0.008
A13: 11 | B13: Metallic A Marker | C13: Numbers | D13: 3 | E13: 1 | F13: =D13-E13 -> 2 | G13: =E13/D13 -> 0.33333333 | H13: 1 | I13: 0.02 | J13: =G13*I13 -> 0.0066666667
A14: 12 | B14: Red aspect(LED) | C14: Numbers | D14: 40 | E14: 23 | F14: =D14-E14 -> 17 | G14: =E14/D14 -> 0.575 | H14: 1 | I14: 0.02 | J14: =G14*I14 -> 0.0115
... A26: 24 | B26: 4 HDPE pipe-Micro Tunnelling | C26: Metre | D26: 750 | E26: 300 | F26: =D26-E26 -> 450 | G26: =E26/D26 -> 0.4 | H26: 1 | I26: 0.01 | J26: =G26*I26 -> 0.004
B27: Total | I27: =SUM(I3:I26) -> 1 | J27: =SUM(J3:J26) -> 0.45754375

Sheet Cables 
A1: ='S&T_Overall'!A1 -> Daily Progress Report-Barsuan Siding(S&T) | D1: ='S&T_Overall'!D1 -> Date:2026
A2: S.No | B2: Description of Item | C2: UOM | D2: Quantity | E2: Current Progress | F2: Balance Quantity | G2: % Progress | H2: Scope Progress | I2: Weightage factor | J2: Earned Progress
A3: 1 | B3: Polyolefin Cable Channel with cover | C3: Metre | D3: 2000 | E3: 1800 | F3: =D3-E3 -> 200 | G3: =E3/D3 -> 0.9 | H3: 1 | I3: 0.02 | J3: =G3*I3 -> 0.018
A4: 2 | B4: Outdoor Signalling cable-6 Corex1.5 sq mm | C4: Kilometre | D4: 10 | E4: 4 | F4: =D4-E4 -> 6 | G4: =E4/D4 -> 0.4 | H4: 1 | I4: 0.02 | J4: =G4*I4 -> 0.008
A5: 3 | B5: Outdoor Signalling cable-12 Corex1.5 sq mm | C5: Kilometre | D5: 150 | E5: 40 | F5: =D5-E5 -> 110 | G5: =E5/D5 -> 0.26666667 | H5: 1 | I5: 0.02 | J5: =G5*I5 -> 0.0053333333
A6: 4 | B6: Aluminium Power Cable-2 Corex25 sq mm | C6: Kilometre | D6: 20 | E6: 20 | F6: =D6-E6 -> 0 | G6: =E6/D6 -> 1 | H6: 1 | I6: 0.02 | J6: =G6*I6 -> 0.02
A7: 5 | B7: Underground jelly filled-6 Quad Cable | C7: Kilometre | D7: 30 | E7: 20 | F7: =D7-E7 -> 10 | G7: =E7/D7 -> 0.66666667 | H7: 1 | I7: 0.02 | J7: =G7*I7 -> 0.013333333
A8: 6 | B8: 24 Fiber Armoured OFC | C8: Kilometre | D8: 10 | E8: 10 | F8: =D8-E8 -> 0 | G8: =E8/D8 -> 1 | H8: 1 | I8: 0.02 | J8: =G8*I8 -> 0.02
A9: 7 | B9: HDPE pipe-OD/ID 40mm/33mm | C9: Kilometre | D9: 15 | E9: 15 | F9: =D9-E9 -> 0 | G9: =E9/D9 -> 1 | H9: 1 | I9: 0.02 | J9: =G9*I9 -> 0.02
A10: 8 | B10: Steel Apparatus case Full height | C10: Numbers | D10: 110 | E10: 50 | F10: =D10-E10 -> 60 | G10: =E10/D10 -> 0.45454545 | H10: 1 | I10: 0.06 | J10: =G10*I10 -> 0.027272727
A11: 9 | B11: 6 Core Armoured Mono mode OFC cable | C11: Kilometre | D11: 1 | E11: 1 | F11: =D11-E11 -> 0 | G11: =E11/D11 -> 1 | H11: 1 | I11: 0.02 | J11: =G11*I11 -> 0.02
A12: 10 | B12: PVC Insulated copper Indoor Cable 60 Core | C12: Kilometre | D12: 3 | E12: 0 | F12: =D12-E12 -> 3 | G12: =E12/D12 -> 0 | H12: 1 | I12: 0.02 | J12: =G12*I12 -> 0
A13: 11 | B13: S&T Cables (Signal/Quad/Power) | C13: Kilometre | D13: 210 | E13: 24 | F13: =D13-E13 -> 186 | G13: =E13/D13 -> 0.11428571 | H13: 1 | I13: 0.4 | J13: =G13*I13 -> 0.045714286
A14: 12 | B14: Existing working cables-tracing & opening | C14: Metre | D14: 2500 | E14: 120 | F14: =D14-E14 -> 2380 | G14: =E14/D14 -> 0.048 | H14: 1 | I14: 0.02 | J14: =G14*I14 -> 0.00096
... A18: 16 | B18: Transportation,loading/unloading -OFC | C18: Kilometre | D18: 10 | E18: 5 | F18: =D18-E18 -> 5 | G18: =E18/D18 -> 0.5 | H18: 1 | I18: 0.02 | J18: =G18*I18 -> 0.01
B19: Total | I19: =SUM(I3:I18) -> 1 | J19: =SUM(J3:J18) -> 0.27613049

Sheet Telecomm
A1: ='S&T_Overall'!A1 -> Daily Progress Report-Barsuan Siding(S&T) | D1: ='S&T_Overall'!D1 -> Date:2026
A2: S.No | B2: Description of Item | C2: UOM | D2: Scope | E2: Current Progress | F2: Balance Quantity | G2: % Progress | H2: Scope Progress | I2: Weightage factor | J2: Earned Progress
A3: 1 | B3: 200AH- VRLA Secondary Cell | C3: Numbers | D3: 24 | E3: 13 | F3: =D3-E3 -> 11 | G3: =E3/D3 -> 0.54166667 | H3: 1 | I3: 0.01 | J3: =G3*I3 -> 0.0054166667
A4: 2 | B4: Managed SDH (STM-1 Add/Drop MUX, 21E1s) | C4: Numbers | D4: 1 | E4: 0 | F4: =D4-E4 -> 1 | G4: =E4/D4 -> 0 | H4: 1 | I4: 0.15 | J4: =G4*I4 -> 0
A5: 3 | B5: 2MB Primary Digital Drop multiplexer-E&M (4 Nos), FXO (2 Nos),FXS (2 Nos) | C5: Numbers | D5: 1 | E5: 0 | F5: =D5-E5 -> 1 | G5: =E5/D5 -> 0 | H5: 1 | I5: 0.1 | J5: =G5*I5 -> 0
A6: 4 | B6: Master Telephone Unit for LC Gate | C6: Numbers | D6: 2 | E6: 0 | F6: =D6-E6 -> 2 | G6: =E6/D6 -> 0 | H6: 1 | I6: 0.05 | J6: =G6*I6 -> 0
A7: 5 | B7: Fibre Distribution Management system(FDMS)for 48 Fiber | C7: Numbers | D7: 10 | E7: 2 | F7: =D7-E7 -> 8 | G7: =E7/D7 -> 0.2 | H7: 1 | I7: 0.02 | J7: =G7*I7 -> 0.004
A8: 6 | B8: GPS synchronized digitaL clock | C8: Numbers | D8: 2 | E8: 0 | F8: =D8-E8 -> 2 | G8: =E8/D8 -> 0 | H8: 1 | I8: 0.01 | J8: =G8*I8 -> 0
A9: 7 | B9: Industrial Grade 4 Port Router | C9: Numbers | D9: 1 | E9: 0 | F9: =D9-E9 -> 1 | G9: =E9/D9 -> 0 | H9: 1 | I9: 0.01 | J9: =G9*I9 -> 0
A10: 8 | B10: Vehicle for loading &unloading of material | C10: Kilometre | D10: 54000 | E10: 45000 | F10: =D10-E10 -> 9000 | G10: =E10/D10 -> 0.83333333 | H10: 1 | I10: 0.01 | J10: =G10*I10 -> 0.0083333333
A11: 9 | B11: Truck of 1 Ton capacity (24hours) | C11: Vehicle- Day | D11: 540 | E11: 500 | F11: =D11-E11 -> 40 | G11: =E11/D11 -> 0.92592593 | H11: 1 | I11: 0.01 | J11: =G11*I11 -> 0.0092592593
A12: 10 | B12: Laying of OFC/Power cable/CAT-6 cable/PA Cable/Data cable | C12: Metre | D12: 12000 | E12: 4000 | F12: =D12-E12 -> 8000 | G12: =E12/D12 -> 0.33333333 | H12: 1 | I12: 0.23 | J12: =G12*I12 -> 0.076666667
A13: 11 | B13: Maintenance Console-MSDAC | C13: Numbers | D13: 4 | E13: 1 | F13: =D13-E13 -> 3 | G13: =E13/D13 -> 0.25 | H13: 1 | I13: 0.05 | J13: =G13*I13 -> 0.0125
A14: 12 | B14: Bullet Type IP Color camera | C14: Numbers | D14: 8 | E14: 3 | F14: =D14-E14 -> 5 | G14: =E14/D14 -> 0.375 | H14: 1 | I14: 0.05 | J14: =G14*I14 -> 0.01875
... A17: 16 | B17: 2 Mb Programmable Primary Digital drop insert MUX | C17: Numbers | D17: 1 | E17: 0 | F17: =D17-E17 -> 1 | G17: =E17/D17 -> 0 | H17: 1 | I17: 0.1 | J17: =G17*I17 -> 0
B18: Total | I18: =SUM(I3:I17) -> 1 | J18: =SUM(J3:J17) -> 0.13492593
